n	title	url	owner
1	When Ganpati Visarjan Ended, 150+ College Students Stayed Back To Help Clean Dadar Beach	https://thebetterindia.com/changemakers/ganpati-beach-cleanup-dadar-chowpatty-hinduja-college-students-mumbai-india-12590553	in
2	Baugruppe bezieht geförderte Mietwohnungen	https://salzburg.orf.at/stories/3372639/	in
3	Cristo de la Calle: el proyecto que busca crear un albergue para personas sin hogar en Guatemala	https://www.prensalibre.com/guatemala/comunitario/cristo-de-la-calle-el-proyecto-que-busca-crear-un-albergue-para-personas-sin-hogar-en-guatemala/	in
4	"一位""曲迷""老师和他的满座""曲友"""	https://news.sciencenet.cn/htmlnews/2026/9/572412.shtm	in
5	Gourma : La population de Diapangou consacre heure hebdomadaire à l’assainissement de la commune	https://www.aib.media/?p=167821	in
6	Why Women Are Planting 1 Lakh Mangroves in the Sundarbans Where Tigers Killed Their Husbands	https://thebetterindia.com/wildlife/tiger-widows-sundarbans-mangrove-restoration-jharkhali-wildlife-conservation-12513928	in
7	Firefighters' transatlantic bond forged by 9/11	https://www.bbc.co.uk/news/articles/c8e3xd46jy7o?at_medium=RSS&at_campaign=rss	in
8	‘She wanted to go home with me’: The S’pore seniors who keep their peers company	https://www.straitstimes.com/singapore/she-wanted-to-go-home-with-me-the-spore-seniors-who-keep-their-peers-company	in
9	I'm 65 and caring for my 87-year-old mom with dementia. Going to work is sometimes my only break.	https://www.businessinsider.com/caregiver-mother-dementia-honest-caregiving-burnout-2026-9	in
10	Wellbeing walks praised for keeping people active	https://www.bbc.co.uk/news/articles/ckg0jdz249mo?at_medium=RSS&at_campaign=rss	in
