n	id	raw
1	positive_news_the_better_india_655950d7d227	7.17375009059906
2	austrian_orf_wirtschaft_1aca7e82c58c	6.799078941345215
3	south_american_prensa_libre_92e916d3af26	6.564775681495666
4	china_sciencenet_cn_0a7ed3fd0bc4	6.485361456871033
5	west_african_aib_burkina_caeeb3e594c0	6.11290066242218
6	positive_news_the_better_india_a704004a7106	6.425192356109619
7	british_irish_bbc_england_2c7454b688c0	6.083125042915345
8	southeast_asian_straits_times_f599684cd4ba	6.41011905670166
9	professional_business_business_insider_aaa940e52a7b	6.770023155212403
10	british_irish_bbc_health_0dd7ee522d5a	5.750810241699219
