20260903_1736	3390	2781	79	0
20260903_2131	3096	2616	75	0
20260904_0128	2912	2391	74	0
20260904_0529	3331	2836	84	0
20260904_0936	4099	2830	63	0
20260904_1329	3799	2815	52	0
20260904_2208	6759	5400	187	0
20260905_0130	3269	2719	80	0
20260905_0530	3386	2853	106	0
20260905_0923	2913	2428	93	0
20260905_1316	2836	2315	54	0
20260905_1712	2475	2097	78	0
20260905_2114	2977	2502	78	0
20260906_0111	2405	2042	105	0
20260906_0514	2703	2324	65	0
20260906_0908	2015	1747	68	0
20260906_1310	2368	2077	71	0
20260906_1708	2226	1824	61	0
20260906_2107	2287	1991	89	0
20260907_0115	2339	2057	81	0
20260907_0510	2261	1937	69	0
20260907_0918	2530	1976	49	0
20260907_1759	6210	4591	155	0
20260907_2128	3189	2684	81	0
20260908_0125	2954	2611	78	0
20260908_0529	3019	2604	74	0
20260908_0927	3046	2608	103	0
20260908_1332	3254	2747	64	0
20260908_1728	3213	2641	63	0
20260908_2127	3465	2942	86	0
20260909_0124	2634	2272	60	0
20260909_0527	3347	2882	76	0
20260909_0931	3270	2772	64	0
20260909_1337	3620	3095	92	0
20260909_1523	2224	1828	32	0
20260909_1712	1831	1478	31	0
20260909_2123	3899	3317	91	0
20260910_0118	3374	2819	73	0
20260910_0517	3478	2900	109	0
20260910_0924	3900	2713	59	0
20260910_1329	5241	3689	89	0
20260910_1738	4934	3442	74	0
20260910_2128	3830	3253	100	0
20260911_0116	3617	3090	81	0
20260911_0515	2868	2395	103	0
20260911_0927	4084	2750	90	0
20260911_1329	4242	3676	127	0
20260911_1725	3616	2921	102	0
20260911_2131	4364	3193	96	0
20260912_0115	3271	2755	128	0
20260912_0511	3032	2643	108	0
20260912_0912	2688	2316	87	0
20260912_1315	2982	2606	98	0
20260912_1709	2810	2500	80	0
20260912_2112	2896	2432	108	0
20260913_0105	2773	2410	83	0
20260913_0459	2316	2035	111	0
20260913_0853	2026	1813	50	0
20260913_1304	2541	2237	81	0
20260913_1703	2736	2441	104	0
20260913_2058	2434	2194	77	0
20260914_0102	2601	2239	63	0
20260914_0501	2338	1965	76	0
20260914_0858	2499	2161	76	0
20260914_1303	3151	2655	79	0
20260914_1718	4326	3136	73	0
20260914_2121	4130	3300	92	0
20260915_0111	3139	2704	94	0
20260915_0510	3097	2557	67	0
20260915_0922	4772	3049	82	0
20260915_1330	5181	3281	74	0
20260915_1724	4158	3448	95	0
20260915_2127	3856	3073	92	0
20260916_0124	3394	2852	74	0
20260916_0519	3268	2749	66	0
20260916_0919	3519	2867	97	0
20260916_1327	4277	2821	64	0
20260916_1725	4289	3579	104	0
20260916_2133	4144	3228	67	0
20260917_0124	3147	2629	74	0
20260917_0525	2966	2395	61	0
20260917_0931	3966	2563	65	0
20260917_1332	3662	3129	75	0
20260917_1727	4088	2987	94	0
20260917_2137	3762	3269	108	0
20260918_0810	5843	4892	122	0
20260918_1450	8185	5707	165	0
20260918_1746	3785	3149	107	0
20260918_2141	3761	3287	103	0
20260919_0132	3871	3303	112	0
20260919_0520	2511	2088	68	0
20260919_0920	3015	2526	76	0
20260919_1324	2954	2508	98	0
20260919_1715	2714	2362	87	0
20260919_2106	2306	2008	80	0
20260920_0105	2383	2039	100	0
20260920_0509	2553	2204	92	0
20260920_0902	1969	1613	91	0
20260920_1306	2148	1832	66	0
20260920_1708	2885	2538	103	0
20260920_2104	2060	1816	80	0
20260921_0106	2387	2124	111	0
20260921_0501	1787	1559	76	0
20260921_0912	2551	2149	62	0
20260921_1321	3436	2442	78	0
20260921_1717	3456	2917	111	0
20260921_2130	3920	3062	90	0
20260922_0132	3060	2568	95	0
20260922_0522	2832	2435	92	0
20260922_0927	3307	2712	84	0
20260922_1336	4507	3144	86	0
20260922_1741	4988	3128	98	0
20260922_2139	3791	3171	117	0
20260923_0130	3337	2796	79	0
20260923_0528	2853	2401	74	0
20260923_0928	3450	2684	72	0
20260923_1328	3478	2754	65	0
20260923_1744	5222	3497	76	0
20260923_2138	4801	3694	107	0
20260924_0125	3389	2877	99	0
20260924_0522	3065	2561	73	0
20260924_0931	4164	2754	73	0
20260924_1329	3251	2553	75	0
20260924_1737	4272	3232	101	0
20260924_2135	4169	3514	103	0
20260925_0135	3671	3127	98	0
20260925_0534	3262	2710	77	0
20260925_0930	4124	2669	78	0
20260925_1327	2821	2327	58	0
20260925_1741	3939	2911	98	0
20260925_2133	3643	3014	96	0
20260926_0139	3906	3310	141	0
20260926_0522	2797	2350	87	0
20260926_0928	2854	2432	85	0
20260926_1322	2408	2007	58	0
20260926_1721	2938	2487	114	0
20260926_2116	2622	2217	100	0
20260927_0123	2831	2436	106	1
20260927_0508	2166	1882	91	0
20260927_0908	2378	2055	72	0
20260927_1310	2352	2041	75	0
20260927_1704	2382	2097	109	0
20260927_2107	2537	2213	75	0
20260928_0528	4373	3787	215	0
20260928_0916	2809	2211	80	0
20260928_1330	4502	3007	94	0
20260928_1719	3094	2630	73	0
20260930_1434	9472	7538	251	0
20260930_1839	9475	7287	239	0
20260930_2129	7086	5391	176	0
20261001_0122	6812	5405	198	0
20261001_0521	6339	5239	169	0
20261001_0924	7379	4994	167	0
20261001_1319	6490	5529	172	0
20261001_1721	6519	5508	194	1
20261001_2132	6873	5191	162	0
20261002_0057	3968	3266	97	0
20261002_0455	3692	3053	140	0
20261002_0909	5505	3195	119	0
