n	calib_id	why_drawn	judge_label	verdict_A	verdict_B	gemini_v2_1
1	exemplar:belgian_dh_les_sports_7b211d4e274c	gemini_in_judges_out	out	out_other	out_other	in_scope
2	pilot3:central_asian_asia_plus_5c6697334d32	gemini_in_judges_out	out	out_one_moment	out_one_moment	in_scope
3	exemplar:positive_news_reasons_to_be_cheerful_e4a08299c3bb	gemini_in_judges_out	out	out_other	out_other	in_scope
4	pilot3:indonesian_mongabay_id_e3c0aae861f4	consensus_in	in	in_scope	in_scope	in_scope
5	pilot3:west_african_seneweb_e5a4438128e8	gemini_in_judges_out	out	out_other	out_other	in_scope
6	pilot3:positive_news_indian_country_today_e7ae96e783bc	consensus_in	in	in_scope	in_scope	in_scope
7	exemplar:new_zealand_rnz_ea40d98aca4b	judges_out_ruling_in	out	out_other	out_other	out_other
8	pilot2:positive_news_upworthy_d41e8c7a6ec2	gemini_in_judges_out	out	out_other	out_other	in_scope
9	pilot3:west_african_aib_burkina_94474a780caa	consensus_in	in	in_scope	in_scope	in_scope
10	pilot2:spanish_mongabay_latam_5de90b6aeba3	consensus_in	in	in_scope	in_scope	in_scope
