n	title	url	owner_first_read	owner
1	Rare clip of the Bee Gees singing 'How Deep Is Your Love' a cappella somehow tops the original	https://www.upworthy.com/bee-gees-a-capella-how-deep-is-your-love-magic-ex1	out	out
2	Jonge Sudanezen zijn de stille helden van de oorlog	https://nos.nl/l/2590158	in	in
3	Stop met somberen: onze cultuur is veerkrachtiger dan sommigen denken	https://www.ad.nl/commentaar/stop-met-somberen-onze-cultuur-is-veerkrachtiger-dan-sommigen-denken~ac518055/	in	in
4	Jene Nete: el mundo del agua es narrado por el pueblo shipibo	https://es.mongabay.com/2025/11/jene-nete-el-mundo-del-agua-es-narrado-por-el-pueblo-shipibo-konibo-por-primera-vez-en-una-pelicula-entrevista/	out	out
5	After a Terrifying Attack 7 Years Ago, This Bengaluru Artist Helped Women Reclaim Unsafe Streets	https://thebetterindia.com/369968/helping-women-access-public-spaces-safety-through-art-indu-antony-bengaluru/	in	in
6	Sick China woman marries cancer patient in exchange for kidney; couple fall in love	https://www.scmp.com/news/people-culture/trending-china/article/3330528/sick-china-woman-marries-cancer-patient-part-kidney-donation-deal-couple-fall-love?utm_source=rss_feed	out	out
7	Questa associazione distribuisce zaini dotati di pannelli solari per fornire luce (e un po’ di dignità) ai senzatetto	https://www.greenme.it/lifestyle/costume-e-societa/questa-associazione-distribuisce-zaini-dotati-di-pannelli-solari-per-fornire-luce-e-un-po-di-dignita-ai-senzatetto/	in	out
8	Joe grew up without stability. Now, he’s giving 10 adopted sons the home he never had.	https://www.upworthy.com/dtfa	out	out
9	Community Rallies to Protect Local Cobbler Until Supermarket Cancels Plans to Expand	https://www.goodnewsnetwork.org/community-rallies-to-protect-local-cobbler-until-supermarket-cancels-plans-to-expand/	in	in
10	China mum takes comatose daughter to dancing daily for 10 years, then a miracle	https://www.scmp.com/news/people-culture/trending-china/article/3331729/chinese-mum-takes-comatose-daughter-square-dancing-daily-10-years-then-miracle?utm_source=rss_feed	unsure	unsure
