n	id	split	v1_wavg	verdict_A	verdict_B
1	italian_greenme_d5af58e9f485	val	3.85	out_other	out_other
2	community_social_reddit_made_me_smile_d89d6e6dbede	train	5.15	out_one_moment	out_one_moment
3	positive_news_the_better_india_2fc106faab1c	train	5.0	out_other	out_other
4	global_south_south_china_morning_post_7b15162b6184	test	4.95	out_harm_is_story	out_harm_is_story
5	dutch_news_nos_algemeen_a8543708044e	train	7.05	out_gift_official	out_gift_official
6	italian_greenme_69c9e1b5326c	train	6.3	out_harm_is_story	out_harm_is_story
7	dutch_news_ad_algemeen_c14dd9088111	train	5.6	out_harm_is_story	out_harm_is_story
8	positive_news_upworthy_f9e1fda9a749	train	6.425	out_event_spectated	out_event_spectated
9	french_sciences_et_avenir_c6713c0d20af	train	5.075	out_other	out_other
10	portuguese_conexao_planeta_934b8c89d740	train	4.875	out_harm_is_story	out_harm_is_story
11	positive_news_upworthy_c2dff0d89feb	train	4.775	out_one_moment	out_one_moment
12	positive_news_upworthy_f6b8477c4cc9	train	3.5	out_one_moment	out_one_moment
13	global_news_UN_news_5d1b095cec0c	train	5.9	out_other	out_other
14	positive_news_reasons_to_be_cheerful_dd1b14878992	train	4.875	out_other	out_other
15	dutch_news_nos_algemeen_41367261d9df	train	6.875	out_one_moment	out_one_moment
16	positive_news_upworthy_02658cd655c7	train	4.275	out_one_moment	out_other
17	science_max_planck_219fcead7bc9	val	5.775	out_culture_topic	out_culture_topic
18	positive_news_the_better_india_63516ea95f51	train	5.15	out_other	out_other
19	community_social_reddit_made_me_smile_2df9694b3e97	train	4.8	out_one_moment	out_one_moment
20	positive_news_optimist_daily_f3e3f6d05f85	train	4.15	out_other	out_other
